Ticket,Open,Type,Volume,Symbol,Price,SL,TP,Close,Price,Swap,Commissions,Profit,Pips,"Trade duration in seconds"
93904898,"2025-02-06 20:16:26",sell,0.5,BTCUSD,96449.11000000,96716.64,93746.67000000,"2025-02-06 21:31:09",96381.13000000,0,0,27.34000000,67.98,4483
93904897,"2025-02-06 13:52:46",sell,5,US30.cash,44709.10000000,44728.9,43827.41000000,"2025-02-06 21:31:08",44687.74000000,0,0,85.89000000,21.36,27502
93904222,"2025-02-06 20:58:07",sell,5,US100.cash,21648.85000000,21668.85,0.00000000,"2025-02-06 21:16:34",21668.95000000,0,0,-80.79000000,-20.10,1107
93903632,"2025-02-06 16:16:53",sell,5,US100.cash,21711.65000000,21711.25,21041.58000000,"2025-02-06 21:05:58",21647.35000000,0,0,258.51000000,64.30,17345
93902997,"2025-02-06 20:26:55",sell,5,ETHUSD,2706.71000000,2746.71,2406.71000000,"2025-02-06 20:55:18",2696.53000000,0,0,40.93000000,10.18,1703
93902989,"2025-02-06 16:16:53",sell,5,US100.cash,21720.35000000,21711.25,21041.58000000,"2025-02-06 20:55:09",21666.25000000,0,0,217.50000000,54.10,16696
93902960,"2025-02-06 12:59:15",sell,0.3,BTCUSD,96869.77000000,97169.79,92896.44000000,"2025-02-06 20:54:34",96150.03000000,0,0,173.61000000,719.74,28519
93902491,"2025-02-06 13:52:46",sell,1,US30.cash,44793.46000000,44817.55,43827.41000000,"2025-02-06 20:48:19",44622.54000000,0,0,137.40000000,170.92,24933
93902241,"2025-02-06 16:16:53",sell,4,US100.cash,21709.05000000,21696.88,21041.58000000,"2025-02-06 20:45:39",21635.95000000,0,0,235.09000000,73.10,16126
93892887,"2025-02-06 12:59:15",sell,0.1,BTCUSD,97441.17000000,98282.46,94472.39000000,"2025-02-06 18:37:51",96955.43000000,0,0,39.05000000,485.74,20316
93891943,"2025-02-06 12:59:15",sell,0.1,BTCUSD,97635.87000000,98282.46,94472.39000000,"2025-02-06 18:22:33",96455.93000000,0,0,94.87000000,1179.94,19398
93891918,"2025-02-06 13:52:46",sell,1,US30.cash,44826.06000000,44818.7,44530.06000000,"2025-02-06 18:22:10",44750.44000000,0,0,60.80000000,75.62,16164
93889222,"2025-02-06 16:16:53",sell,2,US100.cash,21731.35000000,21745.03,21459.92000000,"2025-02-06 17:52:28",21681.85000000,0,0,79.60000000,49.50,5735
93889095,"2025-02-06 13:52:46",sell,1,US30.cash,44836.14000000,44818.7,44530.06000000,"2025-02-06 17:51:00",44744.24000000,0,0,73.90000000,91.90,14294
93883650,"2025-02-06 13:52:46",sell,3,US30.cash,44926.86000000,44931.64,44530.06000000,"2025-02-06 17:03:15",44754.64000000,0,0,416.07000000,172.22,11429
93883361,"2025-02-06 16:16:53",sell,2,US100.cash,21731.35000000,21745.03,21459.92000000,"2025-02-06 17:00:45",21674.15000000,0,0,92.15000000,57.20,2632
93883270,"2025-02-06 12:59:15",sell,0.2,BTCUSD,98126.97000000,98282.46,94472.39000000,"2025-02-06 17:00:02",97306.63000000,0,0,132.16000000,820.34,14447
93878086,"2025-02-06 16:16:53",sell,2,US100.cash,21731.35000000,21745.03,0.00000000,"2025-02-06 16:32:31",21688.55000000,0,0,68.99000000,42.80,938
93877488,"2025-02-06 12:59:15",sell,0.2,BTCUSD,98784.07000000,98282.46,94472.39000000,"2025-02-06 16:29:46",97627.00000000,0,0,186.53000000,1157.07,12631
93877282,"2025-02-06 16:16:53",sell,4,US100.cash,21731.35000000,21745.03,0.00000000,"2025-02-06 16:28:29",21696.15000000,0,0,113.44000000,35.20,696
93875333,"2025-02-06 16:04:59",buy,5,US30.cash,44854.74000000,44829.01,0.00000000,"2025-02-06 16:19:52",44828.06000000,0,0,-107.44000000,-26.68,893
93874371,"2025-02-06 14:31:41",sell,15,US100.cash,21681.78333000,21739.97,21457.35000000,"2025-02-06 16:15:53",21740.25000000,0,0,-706.35000000,-58.47,6252
93874220,"2025-02-06 15:00:51",sell,3,US30.cash,44948.96000000,45060.12,0.00000000,"2025-02-06 16:15:17",44868.74000000,0,0,193.84000000,80.22,4466
93873658,"2025-02-06 15:54:39",sell,5.2,US100.cash,21706.65000000,21728.71,0.00000000,"2025-02-06 16:12:44",21729.05000000,0,0,-93.85000000,-22.40,1085
93872710,"2025-02-06 15:00:51",sell,2,US30.cash,44948.96000000,45060.12,0.00000000,"2025-02-06 16:09:27",44854.74000000,0,0,151.84000000,94.22,4116
93862524,"2025-02-06 15:01:19",sell,10,US100.cash,21663.85000000,21692.06,0.00000000,"2025-02-06 15:40:43",21659.75000000,0,0,33.02000000,4.10,2364
93855075,"2025-02-06 10:20:41",sell,6,US100.cash,21672.16667000,21676.34,21172.17000000,"2025-02-06 15:00:02",21677.85000000,0,0,-27.54000000,-5.68,16761
93853200,"2025-02-06 11:23:14",sell,2,US30.cash,45031.46000000,45053.42,44702.09000000,"2025-02-06 14:46:59",44917.84000000,0,0,183.53000000,113.62,12225
93850262,"2025-02-06 12:59:15",sell,0.1,BTCUSD,98784.07000000,99197.7,0.00000000,"2025-02-06 14:16:46",98356.53000000,0,0,34.54000000,427.54,4651
93846919,"2025-02-06 12:59:50",sell,2,US30.cash,44881.96000000,44946,44530.46000000,"2025-02-06 13:47:03",44945.84000000,0,0,-103.26000000,-63.88,2833
93837654,"2025-02-06 11:23:14",sell,2.1,US30.cash,45042.96000000,45072.74,44575.89000000,"2025-02-06 12:22:48",44884.84000000,0,0,267.18000000,158.12,3574
93833387,"2025-02-06 03:30:17",buy,8,DOGEUSD,0.25962000,0.25095,0.28840000,"2025-02-06 11:39:53",0.26179000,0,0,14.00000000,0.00217,29376
93830310,"2025-02-06 10:20:59",sell,2,US30.cash,44968.96000000,45018.96,0.00000000,"2025-02-06 11:03:34",45021.34000000,0,0,-84.28000000,-52.38,2555
93828153,"2025-02-06 03:27:06",buy,0.1,BTCUSD,97205.93000000,96705.93,99005.93000000,"2025-02-06 10:33:26",98462.07000000,0,0,100.99000000,1256.14,25580
93828068,"2025-02-06 03:27:06",buy,0.1,BTCUSD,97205.93000000,96705.93,99005.93000000,"2025-02-06 10:32:23",98462.57000000,0,0,101.05000000,1256.64,25517
93822966,"2025-02-06 03:33:45",sell,2,US30.cash,44933.86000000,45003.86,44733.86000000,"2025-02-06 09:43:13",45004.84000000,0,0,-114.00000000,-70.98,22168
93810047,"2025-02-06 03:25:28",sell,2,US100.cash,21672.95000000,21722.95,21472.95000000,"2025-02-06 06:28:38",21723.15000000,0,0,-80.39000000,-50.20,10990
93807539,"2025-02-06 03:26:16",buy,3,ETHUSD,2814.24000000,2794.24,0.00000000,"2025-02-06 04:07:50",2794.05000000,0,0,-48.48000000,-20.19,2494
93800193,"2025-02-05 21:55:44",buy,0.2,BTCUSD,97371.03000000,96871.03,0.00000000,"2025-02-05 22:29:03",97242.64000000,0,0,-20.54000000,-128.39,1999
93800120,"2025-02-05 21:46:09",buy,6,US100.cash,21598.25000000,21640.43,0.00000000,"2025-02-05 22:24:26",21668.44000000,0,0,336.77000000,70.19,2297
93800089,"2025-02-05 21:46:09",buy,2,US100.cash,21598.25000000,21640.43,0.00000000,"2025-02-05 22:22:35",21673.94000000,0,0,121.05000000,75.69,2186
93799984,"2025-02-05 21:46:09",buy,2,US100.cash,21598.25000000,21640.43,0.00000000,"2025-02-05 22:18:18",21681.94000000,0,0,133.84000000,83.69,1929
93798173,"2025-02-05 21:11:19",sell,0.5,BTCUSD,97555.77000000,97666.01,94313.88000000,"2025-02-05 21:48:06",97131.43000000,0,0,169.73000000,424.34,2207
93797789,"2025-02-05 07:35:44",buy,0.5,BTCUSD,97129.09000000,97151.46,98722.54000000,"2025-02-05 21:43:23",97256.97000000,0,0,51.15000000,127.88,50859
93797652,"2025-02-05 21:16:10",buy,10,US100.cash,21617.45000000,21605.39,21698.99000000,"2025-02-05 21:41:12",21605.35000000,0,0,-96.79000000,-12.10,1502
93796883,"2025-02-05 19:58:10",buy,3,ETHUSD,2738.23667000,2711.86,2817.70000000,"2025-02-05 21:25:34",2771.19000000,0,0,79.08000000,32.95,5244
93796861,"2025-02-05 20:11:16",buy,5,US100.cash,21626.35000000,21565,21726.35000000,"2025-02-05 21:25:14",21634.55000000,0,0,32.80000000,8.20,4438
93796776,"2025-02-05 07:35:44",buy,0.5,BTCUSD,98204.22800000,95589.07,98722.54000000,"2025-02-05 21:23:20",97565.87000000,0,0,-255.31000000,-638.36,49656
93796181,"2025-02-05 19:58:10",buy,2,ETHUSD,2722.77000000,2711.86,2817.70000000,"2025-02-05 21:12:18",2773.14000000,0,0,80.59000000,50.37,4448
93796166,"2025-02-05 18:23:15",buy,4,US100.cash,21605.25000000,21528.11,21726.05000000,"2025-02-05 21:12:01",21608.85000000,0,0,11.52000000,3.60,10126
93796146,"2025-02-05 20:58:32",buy,3,US30.cash,44799.44000000,44779.44,0.00000000,"2025-02-05 21:11:47",44828.86000000,0,0,70.60000000,29.42,795
93794753,"2025-02-05 20:11:33",buy,3,US30.cash,44821.84000000,44801.84,44881.84000000,"2025-02-05 20:42:18",44799.36000000,0,0,-53.92000000,-22.48,1845
93793335,"2025-02-05 18:23:15",buy,2.1,US100.cash,21606.05000000,21528.11,21726.05000000,"2025-02-05 20:12:13",21623.45000000,0,0,29.21000000,17.40,6538
93793217,"2025-02-05 19:55:24",sell,2,US100.cash,21589.75000000,21629.75,0.00000000,"2025-02-05 20:10:38",21629.95000000,0,0,-64.26000000,-40.20,914
93792213,"2025-02-05 19:39:42",buy,3,US30.cash,44763.34000000,44763.97,44899.01000000,"2025-02-05 19:55:54",44763.26000000,0,0,-0.19000000,-0.08,972
93791548,"2025-02-05 17:46:49",buy,5,US100.cash,21559.75000000,21506.22,21759.75000000,"2025-02-05 19:47:42",21591.85000000,0,0,128.31000000,32.10,7253
93791267,"2025-02-05 17:46:49",buy,5,US100.cash,21559.75000000,21506.22,21759.75000000,"2025-02-05 19:43:40",21597.55000000,0,0,151.05000000,37.80,7011
93790193,"2025-02-05 19:03:43",buy,3,US30.cash,44707.94000000,44642.28,44807.94000000,"2025-02-05 19:27:39",44706.86000000,0,0,-2.59000000,-1.08,1436
93790118,"2025-02-05 17:46:32",buy,10,US30.cash,44657.49000000,44581.94,44831.94000000,"2025-02-05 19:26:28",44706.36000000,0,0,390.70000000,48.87,5996
93786506,"2025-02-05 18:09:33",buy,5,ETHUSD,2777.28000000,2737.28,2837.28000000,"2025-02-05 18:34:16",2737.17000000,0,0,-160.37000000,-40.11,1483
93779612,"2025-02-05 17:14:44",sell,5,US100.cash,21483.73000000,21517.95,21259.86000000,"2025-02-05 17:30:02",21518.55000000,0,0,-139.07000000,-34.82,918
93779409,"2025-02-05 16:54:44",sell,5,US30.cash,44568.30000000,44607.07,44294.88000000,"2025-02-05 17:28:44",44609.04000000,0,0,-162.72000000,-40.74,2040
93778347,"2025-02-05 17:03:32",buy,3,US100.cash,21502.35000000,21460.77,0.00000000,"2025-02-05 17:20:19",21460.55000000,0,0,-100.24000000,-41.80,1007
93777719,"2025-02-05 16:29:42",buy,6,ETHUSD,2773.41500000,2741.11,0.00000000,"2025-02-05 17:16:40",2740.83000000,0,0,-156.28000000,-32.59,2818
93777343,"2025-02-05 14:28:13",buy,4,US100.cash,21448.91750000,21324.25,21724.25000000,"2025-02-05 17:13:31",21494.75000000,0,0,146.51000000,45.83,9918
93776372,"2025-02-05 16:58:47",sell,2,US100.cash,21475.55000000,21505.55,21425.55000000,"2025-02-05 17:08:44",21507.35000000,0,0,-50.83000000,-31.80,597
93776268,"2025-02-05 17:02:22",buy,2,ETHUSD,2767.26000000,2752.26,2807.26000000,"2025-02-05 17:08:16",2751.70000000,0,0,-24.87000000,-15.56,354
93773865,"2025-02-05 16:06:23",buy,2,US100.cash,21418.85000000,21392.21,21638.63000000,"2025-02-05 16:52:06",21474.25000000,0,0,88.51000000,55.40,2743
93773686,"2025-02-05 16:05:50",buy,4,US30.cash,44448.04000000,44417.12,44987.41000000,"2025-02-05 16:51:14",44553.26000000,0,0,336.23000000,105.22,2724
93773051,"2025-02-05 16:06:23",buy,3,US100.cash,21418.85000000,21392.21,21638.63000000,"2025-02-05 16:48:24",21480.85000000,0,0,148.61000000,62.00,2521
93772990,"2025-02-05 16:05:50",buy,2,US30.cash,44413.44000000,44417.12,44987.41000000,"2025-02-05 16:48:02",44564.86000000,0,0,241.97000000,151.42,2532
93771906,"2025-02-05 14:28:13",buy,2,US100.cash,21424.25000000,21324.25,21724.25000000,"2025-02-05 16:41:34",21475.75000000,0,0,82.34000000,51.50,8001
93771843,"2025-02-05 16:05:50",buy,4,US30.cash,44378.84000000,44417.12,44987.41000000,"2025-02-05 16:41:16",44586.36000000,0,0,663.47000000,207.52,2126
93771660,"2025-02-05 16:06:23",buy,5,US100.cash,21418.85000000,21392.21,21638.63000000,"2025-02-05 16:40:03",21486.65000000,0,0,270.93000000,67.80,2020
93771157,"2025-02-05 16:35:02",sell,5,US100.cash,21471.15000000,21482.86,0.00000000,"2025-02-05 16:37:33",21483.25000000,0,0,-48.35000000,-12.10,151
93770977,"2025-02-05 14:28:13",buy,2,US100.cash,21424.25000000,21324.25,21724.25000000,"2025-02-05 16:36:25",21476.35000000,0,0,83.27000000,52.10,7692
93768810,"2025-02-05 16:25:07",sell,10,US100.cash,21442.25000000,21454.79,0.00000000,"2025-02-05 16:25:16",21456.85000000,0,0,-116.71000000,-14.60,9
93763235,"2025-02-05 14:32:23",buy,1.1,ETHUSD,2803.93000000,2763.93,2843.93000000,"2025-02-05 16:04:15",2763.30000000,0,0,-35.70000000,-40.63,5512
93763060,"2025-02-05 14:21:02",buy,6,US100.cash,21413.80000000,21401.36,21663.80000000,"2025-02-05 16:04:02",21400.65000000,0,0,-63.01000000,-13.15,6180
93763061,"2025-02-05 14:39:37",buy,4.3,US100.cash,21422.66395000,21402.07,21572.66000000,"2025-02-05 16:04:02",21400.65000000,0,0,-75.60000000,-22.01,5065
93762797,"2025-02-05 15:57:53",buy,5,US30.cash,44441.84000000,44381.84,0.00000000,"2025-02-05 16:03:44",44380.56000000,0,0,-244.76000000,-61.28,351
93759424,"2025-02-05 15:08:01",buy,5.2,US30.cash,44562.51692000,44443.05,44762.52000000,"2025-02-05 15:57:19",44440.56000000,0,0,-506.70000000,-121.96,2958
93758852,"2025-02-04 23:31:32",buy,2.1,ETHUSD,2728.05857000,2710.72,2831.43000000,"2025-02-05 15:55:27",2791.33000000,0,0,106.17000000,63.27,59035
93757970,"2025-02-05 14:30:32",buy,5,US30.cash,44487.94000000,44448.07,44787.94000000,"2025-02-05 15:51:56",44527.56000000,0,0,158.37000000,39.62,4884
93755316,"2025-02-05 15:02:38",sell,0.2,BTCUSD,98364.64000000,98864.64,97364.64000000,"2025-02-05 15:40:40",98904.44000000,0,0,-86.31000000,-539.80,2282
93751311,"2025-02-05 07:35:44",buy,0.1,BTCUSD,98504.51000000,97485.17,99840.49000000,"2025-02-05 15:25:00",98504.07000000,0,0,-0.04000000,-0.44,28156
93751269,"2025-02-05 14:32:23",buy,1,ETHUSD,2803.93000000,2763.93,2843.93000000,"2025-02-05 15:24:21",2804.70000000,0,0,0.62000000,0.77,3118
93750167,"2025-02-04 23:31:32",buy,1,ETHUSD,2671.43000000,2710.72,2831.43000000,"2025-02-05 15:12:49",2802.06000000,0,0,104.30000000,130.63,56477
93749934,"2025-02-05 14:52:35",sell,5.31,US100.cash,21417.45000000,21428.85,0.00000000,"2025-02-05 15:10:36",21429.35000000,0,0,-50.45000000,-11.90,1081
93749324,"2025-02-05 14:03:19",sell,2,US30.cash,44494.56000000,44534.56,44253.39000000,"2025-02-05 15:06:26",44534.94000000,0,0,-64.52000000,-40.38,3787
93749171,"2025-02-05 14:32:23",buy,1.1,ETHUSD,2803.93000000,2763.93,2843.93000000,"2025-02-05 15:04:59",2806.13000000,0,0,1.93000000,2.20,1956
93748890,"2025-02-05 14:58:40",buy,5.5,US100.cash,21423.25000000,21408.59,21495.20000000,"2025-02-05 15:02:44",21407.65000000,0,0,-68.55000000,-15.60,244
93747920,"2025-02-05 07:35:44",buy,0.1,BTCUSD,97585.38000000,96440.49,99840.49000000,"2025-02-05 14:51:41",98577.87000000,0,0,79.30000000,992.49,26157
93747877,"2025-02-04 23:31:32",buy,2,ETHUSD,2671.43000000,2675.82,2831.43000000,"2025-02-05 14:51:20",2813.16000000,0,0,226.47000000,141.73,55188
93744833,"2025-02-05 14:18:28",sell,3,US30.cash,44470.46000000,44496,44320.46000000,"2025-02-05 14:30:03",44496.44000000,0,0,-62.21000000,-25.98,695
93744531,"2025-02-05 14:02:05",sell,3,US100.cash,21389.05000000,21429.05,21229.05000000,"2025-02-05 14:27:36",21417.85000000,0,0,-68.95000000,-28.80,1531
93743837,"2025-02-05 14:16:57",sell,5,US100.cash,21390.85000000,21410.93,21270.85000000,"2025-02-05 14:21:18",21411.05000000,0,0,-80.61000000,-20.20,261
93743488,"2025-02-05 07:35:44",buy,0.2,BTCUSD,97836.03000000,96440.49,99840.49000000,"2025-02-05 14:19:24",98199.37000000,0,0,58.01000000,363.34,24220
93743466,"2025-02-05 07:10:06",buy,4.2,ETHUSD,2779.29619000,2729.3,2879.30000000,"2025-02-05 14:19:10",2788.57000000,0,0,31.09000000,9.27,25744
93743317,"2025-02-05 14:07:32",buy,3,US100.cash,21404.65000000,21384.65,21604.65000000,"2025-02-05 14:18:16",21384.55000000,0,0,-48.13000000,-20.10,644
93742975,"2025-02-05 14:07:54",buy,2,US30.cash,44501.94000000,44471.94,44801.94000000,"2025-02-05 14:15:39",44471.46000000,0,0,-48.63000000,-30.48,465
93737443,"2025-02-05 07:35:44",buy,0.09,BTCUSD,97836.03000000,95986.44,99389.87000000,"2025-02-05 12:39:31",97898.17000000,0,0,4.46000000,62.14,18227
93734268,"2025-02-04 23:31:32",buy,1.1,ETHUSD,2671.43000000,2675.82,2831.43000000,"2025-02-05 11:55:09",2774.90000000,0,0,90.74000000,103.47,44617
93702157,"2025-02-04 23:32:08",buy,0.31,BTCUSD,96973.83000000,95973.83,98773.83000000,"2025-02-05 02:03:52",98774.27000000,0,0,447.06000000,1800.44,9104
93696654,"2025-02-04 18:19:08",sell,10,US100.cash,21495.95000000,21604.79,21394.22000000,"2025-02-04 22:27:05",21510.76000000,0,0,-118.67000000,-14.81,14877
93689073,"2025-02-04 19:33:14",sell,5,US100.cash,21527.45000000,21556.96,0.00000000,"2025-02-04 20:18:56",21556.95000000,0,0,-118.23000000,-29.50,2742
93688573,"2025-02-04 18:20:24",sell,5.1,US30.cash,44473.46000000,44566.9,0.00000000,"2025-02-04 20:11:06",44567.44000000,0,0,-383.93000000,-93.98,6642
93684706,"2025-02-04 18:58:58",sell,3,US30.cash,44508.16000000,44549.02,0.00000000,"2025-02-04 19:08:40",44495.04000000,0,0,31.53000000,13.12,582
93680367,"2025-02-04 15:52:22",buy,0.32,BTCUSD,99856.13000000,97869.72,102506.19000000,"2025-02-04 18:21:55",99044.87000000,0,0,-208.13000000,-811.26,8973
93680327,"2025-02-04 18:04:47",buy,0.52,BTCUSD,99056.19000000,98556.19,0.00000000,"2025-02-04 18:21:39",99014.07000000,0,0,-17.56000000,-42.12,1012
93680144,"2025-02-04 16:25:15",buy,5.2,ETHUSD,2776.32000000,2745.37,0.00000000,"2025-02-04 18:20:47",2815.45000000,0,0,163.10000000,39.13,6932
93680046,"2025-02-04 16:05:55",buy,5.1,US30.cash,44427.60863000,44358.33,44817.04000000,"2025-02-04 18:19:45",44467.46000000,0,0,162.93000000,39.85,8030
93679460,"2025-02-04 17:29:47",buy,10,US100.cash,21574.55000000,21501.97,0.00000000,"2025-02-04 18:16:29",21498.15000000,0,0,-612.58000000,-76.40,2802
93678763,"2025-02-04 16:38:52",buy,5,US100.cash,21562.35000000,21449.23,21727.47000000,"2025-02-04 18:09:56",21526.45000000,0,0,-143.84000000,-35.90,5464
93678456,"2025-02-04 16:53:35",buy,6.2,US30.cash,44470.49000000,44398.01,44646.04000000,"2025-02-04 18:06:10",44508.16000000,0,0,187.08000000,37.67,4355
93678105,"2025-02-04 17:14:54",buy,0.52,BTCUSD,99895.73000000,98927.82,0.00000000,"2025-02-04 18:01:49",98904.87000000,0,0,-412.73000000,-990.86,2815
93675512,"2025-02-04 17:21:58",buy,5.2,ETHUSD,2794.11000000,2774.11,0.00000000,"2025-02-04 17:35:06",2774.05000000,0,0,-83.57000000,-20.06,788
93674908,"2025-02-04 16:48:29",sell,3,US100.cash,21541.05000000,21572.19,21465.36000000,"2025-02-04 17:29:34",21575.05000000,0,0,-81.71000000,-34.00,2465
93673682,"2025-02-04 17:14:40",buy,10.2,ETHUSD,2803.63000000,2783.63,0.00000000,"2025-02-04 17:18:09",2782.84000000,0,0,-169.92000000,-20.79,209
93673137,"2025-02-04 16:53:00",buy,5.2,US100.cash,21538.95000000,21481.42,0.00000000,"2025-02-04 17:13:48",21547.85000000,0,0,37.09000000,8.90,1248
93669430,"2025-02-04 16:24:16",buy,5.1,US100.cash,21514.45000000,21514.96,21781.19000000,"2025-02-04 16:45:28",21549.75000000,0,0,144.30000000,35.30,1272
93669260,"2025-02-04 16:03:11",buy,0.31,BTCUSD,99669.23000000,97614.69,102283.57000000,"2025-02-04 16:44:17",99011.07000000,0,0,-163.55000000,-658.16,2466
93669167,"2025-02-04 16:31:38",buy,10,US100.cash,21535.35000000,21527.51,21664.12000000,"2025-02-04 16:43:47",21550.55000000,0,0,121.84000000,15.20,729
93668976,"2025-02-04 15:51:10",buy,5.1,US30.cash,44365.05176000,44285.64,0.00000000,"2025-02-04 16:42:48",44434.06000000,0,0,282.06000000,69.01,3098
93667797,"2025-02-04 16:23:03",buy,5,ETHUSD,2762.88000000,2650.74,0.00000000,"2025-02-04 16:37:37",2778.65000000,0,0,63.17000000,15.77,874
93667772,"2025-02-04 11:04:43",buy,0.51,BTCUSD,98700.85941000,97718.94,101824.28000000,"2025-02-04 16:37:27",99209.37000000,0,0,207.75000000,508.51,19964
93667560,"2025-02-04 11:14:54",buy,7.1,US100.cash,21411.93732000,21373.2,21796.19000000,"2025-02-04 16:36:11",21531.55000000,0,0,680.46000000,119.61,19277
93663631,"2025-02-04 14:36:35",buy,5.1,ETHUSD,2817.42314000,2770.43,3084.27000000,"2025-02-04 16:16:36",2768.84000000,0,0,-198.88000000,-48.58,6001
93663633,"2025-02-04 15:34:00",buy,5.2,ETHUSD,2828.90000000,2769.17,0.00000000,"2025-02-04 16:16:36",2768.84000000,0,0,-250.68000000,-60.06,2556
93648638,"2025-02-04 13:49:26",buy,5,ETHUSD,2801.14000000,2781.14,2908.62000000,"2025-02-04 15:11:33",2781.30000000,0,0,-79.73000000,-19.84,4927
93644529,"2025-02-04 11:14:54",buy,1,US100.cash,21281.05000000,21285.28,21462.07000000,"2025-02-04 14:36:47",21347.15000000,0,0,53.23000000,66.10,12113
93644390,"2025-02-04 11:15:16",buy,3.1,US30.cash,44298.85935000,44300.43,44626.70000000,"2025-02-04 14:35:28",44365.36000000,0,0,166.02000000,66.50,12012
93643227,"2025-02-04 13:49:26",buy,5,ETHUSD,2801.14000000,2781.14,2903.24000000,"2025-02-04 14:26:16",2818.36000000,0,0,69.35000000,17.22,2210
93642956,"2025-02-04 11:14:54",buy,3,US100.cash,21281.05000000,21285.28,21462.07000000,"2025-02-04 14:24:08",21353.95000000,0,0,176.14000000,72.90,11354
93639039,"2025-02-04 11:59:16",buy,20,ETHUSD,2754.65000000,2748.54,3045.75000000,"2025-02-04 13:45:25",2788.13000000,0,0,539.62000000,33.48,6369
93638090,"2025-02-04 11:15:16",buy,2,US30.cash,44326.44000000,44275.97,44626.70000000,"2025-02-04 13:32:33",44350.76000000,0,0,39.21000000,24.32,8237
93637616,"2025-02-04 11:48:44",buy,0.31,BTCUSD,98807.03000000,98233.5,102365.55000000,"2025-02-04 13:25:26",99187.77000000,0,0,95.17000000,380.74,5802
93637041,"2025-02-04 11:09:15",buy,10,ETHUSD,2731.86000000,2749.97,0.00000000,"2025-02-04 13:16:40",2770.38000000,0,0,310.61000000,38.52,7645
93635018,"2025-02-04 11:15:16",buy,2,US30.cash,44326.44000000,44226.44,44626.70000000,"2025-02-04 12:43:55",44298.26000000,0,0,-45.39000000,-28.18,5319
93602071,"2025-02-03 23:22:52",buy,5,ETHUSD,2887.52000000,2818.32,3122.03000000,"2025-02-04 03:46:12",2817.84000000,0,0,-280.51000000,-69.68,15800
93596982,"2025-02-03 23:22:52",buy,5,ETHUSD,2878.76000000,2818.32,3122.03000000,"2025-02-04 00:23:32",2878.84000000,0,0,0.32000000,0.08,3640
93591325,"2025-02-03 20:49:44",sell,0.51,BTCUSD,101615.70961000,103507.09,98171.37000000,"2025-02-03 21:27:23",101783.23000000,0,0,-68.87000000,-167.52,2259
93589508,"2025-02-03 19:52:38",sell,0.31,BTCUSD,100263.16677000,101754.77,95959.35000000,"2025-02-03 20:54:51",101759.33000000,0,0,-374.04000000,-1496.16,3733
93579544,"2025-02-03 16:44:24",buy,5,ETHUSD,2713.94000000,2673.94,0.00000000,"2025-02-03 18:36:09",2672.84000000,0,0,-165.68000000,-41.10,6705
93578863,"2025-02-03 17:53:07",sell,1,US30.cash,44497.66000000,44497.9,0.00000000,"2025-02-03 18:26:05",44500.24000000,0,0,-2.08000000,-2.58,1978
93578559,"2025-02-03 17:50:16",sell,0.31,BTCUSD,98528.07000000,98733.2,0.00000000,"2025-02-03 18:23:01",98736.13000000,0,0,-52.03000000,-208.06,1965
93577545,"2025-02-03 16:46:06",sell,0.21,BTCUSD,98742.07000000,99742.07,94613.91000000,"2025-02-03 18:06:29",98370.53000000,0,0,62.93000000,371.54,4823
93577430,"2025-02-03 17:54:10",sell,3,US100.cash,21324.85000000,21324.03,0.00000000,"2025-02-03 18:05:19",21274.35000000,0,0,122.21000000,50.50,669
93577414,"2025-02-03 16:44:45",sell,3.1,US100.cash,21320.55000000,21351.53,21096.78000000,"2025-02-03 18:05:06",21273.75000000,0,0,117.02000000,46.80,4821
93577379,"2025-02-03 17:53:07",sell,2,US30.cash,44497.66000000,44497.9,0.00000000,"2025-02-03 18:04:46",44380.74000000,0,0,188.61000000,116.92,699
93576739,"2025-02-03 16:43:37",sell,3.1,US30.cash,44422.33742000,44522.44,44095.11000000,"2025-02-03 17:59:13",44405.74000000,0,0,41.53000000,16.60,4536
93573062,"2025-02-03 16:46:06",sell,0.1,BTCUSD,98742.07000000,99742.07,94613.91000000,"2025-02-03 17:23:49",98672.93000000,0,0,5.56000000,69.14,2263
93568666,"2025-02-03 16:46:55",buy,0.31,BTCUSD,99019.03000000,98519.03,0.00000000,"2025-02-03 16:53:27",98969.17000000,0,0,-12.45000000,-49.86,392
93566802,"2025-02-03 15:46:10",sell,0.21,BTCUSD,95924.29000000,98905.35,0.00000000,"2025-02-03 16:43:39",98911.63000000,0,0,-504.78000000,-2987.34,3449
93566220,"2025-02-03 16:25:10",sell,0.31,BTCUSD,98016.87000000,99516.87,0.00000000,"2025-02-03 16:42:07",98461.33000000,0,0,-111.01000000,-444.46,1017
93565084,"2025-02-03 15:52:14",buy,5,US100.cash,21055.85000000,21042.2,0.00000000,"2025-02-03 16:37:07",21244.85000000,0,0,761.03000000,189.00,2693
93564902,"2025-02-03 15:52:14",buy,2.1,US100.cash,21107.18333000,21042.2,0.00000000,"2025-02-03 16:36:34",21253.35000000,0,0,247.35000000,146.17,2660
93564552,"2025-02-03 15:56:06",buy,7.2,US30.cash,43896.87333000,43907.12,0.00000000,"2025-02-03 16:35:11",44315.16000000,0,0,2427.31000000,418.29,2345
93563748,"2025-02-03 15:52:14",buy,3.1,US100.cash,21109.75000000,21042.2,0.00000000,"2025-02-03 16:31:59",21228.15000000,0,0,295.93000000,118.40,2385
93562887,"2025-02-03 15:56:06",buy,3,US30.cash,43902.54000000,43907.12,0.00000000,"2025-02-03 16:29:27",44304.96000000,0,0,974.13000000,402.42,2001
93553832,"2025-02-03 15:59:39",buy,10,US100.cash,21107.85000000,21044.16,0.00000000,"2025-02-03 16:02:30",21044.15000000,0,0,-516.19000000,-63.70,171
93550704,"2025-02-03 15:40:01",sell,3,US100.cash,21186.05000000,21182.82,20880.24000000,"2025-02-03 15:51:50",21117.15000000,0,0,167.34000000,68.90,709
93547559,"2025-02-03 15:07:15",buy,0.21,BTCUSD,94351.03000000,93851.03,0.00000000,"2025-02-03 15:40:22",96080.93000000,0,0,294.07000000,1729.90,1987
93540281,"2025-02-03 14:17:18",sell,3.1,US30.cash,43987.16000000,44052.36,0.00000000,"2025-02-03 14:59:14",43928.84000000,0,0,146.19000000,58.32,2516
93539474,"2025-02-03 14:04:26",sell,3.1,US30.cash,43923.66000000,44050.22,43820.32000000,"2025-02-03 14:46:09",43940.84000000,0,0,-43.10000000,-17.18,2503
93538374,"2025-02-03 11:59:34",sell,0.31,BTCUSD,94540.54097000,96657.13,89602.30000000,"2025-02-03 14:32:10",94600.53000000,0,0,-15.05000000,-59.99,9156
93538285,"2025-02-03 12:16:17",sell,5.1,US30.cash,43967.30706000,44075.86,43450.52000000,"2025-02-03 14:31:12",43988.34000000,0,0,-86.77000000,-21.03,8095
93538062,"2025-02-03 14:20:20",buy,0.31,BTCUSD,94861.83000000,94434.93,95816.05000000,"2025-02-03 14:27:46",94433.37000000,0,0,-107.43000000,-428.46,446
93536079,"2025-02-03 13:22:02",sell,3.1,ETHUSD,2621.93000000,2700.86,2112.43000000,"2025-02-03 14:07:15",2587.58000000,0,0,86.10000000,34.35,2713
93535931,"2025-02-03 11:16:43",sell,2,US100.cash,21140.45000000,21176.99,20913.97000000,"2025-02-03 14:06:20",21126.15000000,0,0,23.12000000,14.30,10177
93535844,"2025-02-03 11:59:34",sell,0.3,BTCUSD,95131.51667000,96667.37,89602.30000000,"2025-02-03 14:05:59",94955.83000000,0,0,42.61000000,175.69,7585
93534631,"2025-02-03 11:59:34",sell,0.2,BTCUSD,95298.48500000,96667.37,89602.30000000,"2025-02-03 14:00:21",94795.53000000,0,0,81.47000000,502.96,7247
93533933,"2025-02-03 11:16:43",sell,1,US100.cash,21140.45000000,21176.99,20913.97000000,"2025-02-03 13:53:57",21067.05000000,0,0,59.46000000,73.40,9434
93533099,"2025-02-03 13:41:18",buy,2,US30.cash,43896.34000000,43881.47,0.00000000,"2025-02-03 13:46:10",43880.66000000,0,0,-25.41000000,-15.68,292
93532256,"2025-02-03 11:16:43",sell,2,US100.cash,21140.45000000,21176.99,20913.97000000,"2025-02-03 13:38:17",21068.35000000,0,0,116.82000000,72.10,8494
93532114,"2025-02-03 12:16:17",sell,2,US30.cash,43997.66000000,44075.86,43450.52000000,"2025-02-03 13:37:33",43903.34000000,0,0,152.84000000,94.32,4876
93529830,"2025-02-03 11:59:34",sell,0.1,BTCUSD,95667.37000000,96667.37,89602.30000000,"2025-02-03 13:14:40",95255.93000000,0,0,33.39000000,411.44,4506
93529784,"2025-02-03 11:16:43",sell,5,US100.cash,21080.85000000,21176.99,20913.97000000,"2025-02-03 13:13:18",21085.35000000,0,0,-18.26000000,-4.50,6995
93529139,"2025-02-03 11:59:34",sell,0.2,BTCUSD,95667.37000000,96667.37,89602.30000000,"2025-02-03 12:59:38",95092.53000000,0,0,93.32000000,574.84,3604
93527949,"2025-02-03 12:40:04",buy,5,US100.cash,21108.15000000,21100.56,0.00000000,"2025-02-03 12:40:34",21100.35000000,0,0,-31.69000000,-7.80,30
93507454,"2025-02-03 04:19:58",sell,0.52,BTCUSD,94430.47000000,95008.26,89820.60000000,"2025-02-03 08:48:41",95014.83000000,0,0,-247.12000000,-584.36,16123
93502480,"2025-02-03 01:49:47",sell,1.5,BTCUSD,94738.54600000,98055.39,89898.52000000,"2025-02-03 06:48:10",93835.63000000,0,0,1103.40000000,902.92,17903
93502466,"2025-02-03 01:54:46",sell,10,US100.cash,20929.30000000,21057.98,20596.93000000,"2025-02-03 06:47:40",20922.95000000,0,0,51.74000000,6.35,17574
93502464,"2025-02-03 01:35:12",sell,15,US30.cash,43887.69333000,44104.69,43368.62000000,"2025-02-03 06:47:31",43875.44000000,0,0,149.75000000,12.25,18739
93501317,"2025-02-03 01:49:47",sell,0.5,BTCUSD,96512.97000000,98055.39,89898.52000000,"2025-02-03 05:52:12",93346.13000000,0,0,1292.17000000,3166.84,14545
93499839,"2025-02-03 01:35:12",sell,5,US30.cash,43996.86000000,44104.69,43368.62000000,"2025-02-03 05:00:42",43920.44000000,0,0,311.37000000,76.42,12330
93499004,"2025-02-03 01:54:46",sell,5,US100.cash,20981.39000000,21004.24,20596.93000000,"2025-02-03 04:25:34",20917.95000000,0,0,258.81000000,63.44,9048
93496698,"2025-02-03 01:54:46",sell,3,US100.cash,20988.35000000,21062.21,0.00000000,"2025-02-03 03:22:13",20937.45000000,0,0,124.34000000,50.90,5247
93496691,"2025-02-03 01:35:12",sell,5,US30.cash,44047.86000000,44311.2,43368.62000000,"2025-02-03 03:22:01",43957.44000000,0,0,368.14000000,90.42,6409
93496299,"2025-02-03 02:55:46",buy,0.31,BTCUSD,92016.83000000,88881.27,0.00000000,"2025-02-03 03:13:39",93857.46000000,0,0,464.89000000,1840.63,1073
93495994,"2025-02-03 03:07:33",buy,5,ETHUSD,2249.86000000,1987.55,0.00000000,"2025-02-03 03:09:07",2277.79000000,0,0,113.79000000,27.93,94
93489696,"2025-02-03 00:44:07",sell,5,US100.cash,20968.05000000,21218.6,0.00000000,"2025-02-03 01:35:43",21007.65000000,0,0,-161.07000000,-39.60,3096
93469722,"2025-02-02 13:06:43",buy,1,BTCUSD,99075.96000000,98575.96,0.00000000,"2025-02-02 13:31:39",98566.84000000,0,0,-410.90000000,-509.12,1496
93469387,"2025-02-02 11:16:45",buy,1,BTCUSD,99375.06000000,98375.06,0.00000000,"2025-02-02 12:58:37",98870.74000000,0,0,-407.02000000,-504.32,6112
93465204,"2025-02-01 23:15:35",buy,2,BTCUSD,101081.26000000,99533.31,103890.17000000,"2025-02-02 04:26:00",99532.84000000,0,0,-2499.37000000,-1548.42,18625
93465192,"2025-02-02 00:10:13",buy,30,ETHUSD,3122.81000000,3077.88,3260.23000000,"2025-02-02 04:25:40",3077.76000000,0,0,-1090.76000000,-45.05,15327
93465086,"2025-02-01 23:07:48",buy,1,BTCUSD,101377.26000000,99501.22,105442.42000000,"2025-02-02 04:16:10",99733.64000000,0,0,-1326.52000000,-1643.62,18502
93463339,"2025-02-01 23:07:29",buy,30,ETHUSD,3160.74000000,3120.74,0.00000000,"2025-02-02 00:08:41",3120.58000000,0,0,-972.36000000,-40.16,3672
93458370,"2025-01-31 23:56:09",buy,30,ETHUSD,3285.27000000,3249.5,3399.28000000,"2025-02-01 06:20:26",3294.97000000,0,0,234.86000000,9.70,23057
93458371,"2025-01-31 23:57:23",buy,1,BTCUSD,102124.26000000,101124.26,104604.90000000,"2025-02-01 06:20:26",102370.64000000,0,0,198.85000000,246.38,22983
93456372,"2025-01-31 20:02:53",buy,15,US30.cash,44554.67333000,44404.16,44910.21000000,"2025-01-31 22:37:22",44521.46000000,0,0,-401.93000000,-33.21,9269
93456371,"2025-01-31 20:01:21",buy,0.51,BTCUSD,102548.65353000,101273.83,0.00000000,"2025-01-31 22:37:22",101723.64000000,0,0,-339.45000000,-825.01,9361
93456373,"2025-01-31 20:09:14",buy,15,US100.cash,21553.78333000,21366.63,21798.45000000,"2025-01-31 22:37:22",21440.94000000,0,0,-1365.58000000,-112.84,8888
93452969,"2025-01-31 20:12:38",buy,15,ETHUSD,3325.43667000,3301.07,0.00000000,"2025-01-31 21:22:07",3301.03000000,0,0,-295.36000000,-24.41,4169
93449822,"2025-01-31 20:02:53",buy,5,US30.cash,44607.24000000,44435.74,44910.21000000,"2025-01-31 20:36:24",44652.16000000,0,0,181.17000000,44.92,2011
93448115,"2025-01-31 20:01:38",buy,3,US30.cash,44664.24000000,44525.35,0.00000000,"2025-01-31 20:08:17",44524.16000000,0,0,-339.14000000,-140.08,399
93447726,"2025-01-31 20:01:52",buy,5,US100.cash,21650.75000000,21583.95,0.00000000,"2025-01-31 20:06:20",21581.35000000,0,0,-280.07000000,-69.40,268
93447297,"2025-01-31 20:02:38",buy,10,US100.cash,21647.15000000,21627.15,0.00000000,"2025-01-31 20:03:01",21626.65000000,0,0,-165.42000000,-20.50,23
93447121,"2025-01-31 12:22:26",sell,5,ETHUSD,3329.73000000,3441.28,3090.52000000,"2025-01-31 20:01:03",3319.12000000,0,0,42.79000000,10.61,27517
93444881,"2025-01-31 12:22:26",sell,10,ETHUSD,3315.32000000,3441.28,3090.52000000,"2025-01-31 19:39:38",3323.16000000,0,0,-63.22000000,-7.84,26232
93442840,"2025-01-31 15:31:04",sell,10,US30.cash,44997.16000000,44834.27,44580.14000000,"2025-01-31 19:32:32",44708.24000000,0,0,2329.25000000,288.92,14488
93441536,"2025-01-31 15:43:14",sell,20,US30.cash,44915.91000000,44830.17,44645.99000000,"2025-01-31 19:27:12",44735.24000000,0,0,2910.61000000,180.67,13438
93420418,"2025-01-31 09:53:25",sell,28.8,US100.cash,21735.05833000,21816.58,20738.56000000,"2025-01-31 16:36:14",21816.65000000,0,0,-1892.83000000,-81.59,24169
93417699,"2025-01-31 12:35:43",sell,0.3,BTCUSD,104579.77000000,105009.21,0.00000000,"2025-01-31 16:23:23",105045.77000000,0,0,-112.72000000,-466.00,13660
93410310,"2025-01-31 02:47:58",sell,16.2,US100.cash,21693.63951000,21762.84,20979.24000000,"2025-01-31 16:00:47",21762.85000000,0,0,-904.78000000,-69.21,47569
93408286,"2025-01-31 15:45:22",sell,10,US100.cash,21697.05000000,21741.3,0.00000000,"2025-01-31 15:54:30",21742.35000000,0,0,-365.22000000,-45.30,548
93406501,"2025-01-31 14:54:49",buy,3,ETHUSD,3362.00000000,3315.72,0.00000000,"2025-01-31 15:47:08",3346.83000000,0,0,-36.70000000,-15.17,3139
93404138,"2025-01-31 15:31:51",sell,10,US30.cash,44946.66000000,44996.66,0.00000000,"2025-01-31 15:37:21",44996.74000000,0,0,-403.98000000,-50.08,330
93402548,"2025-01-31 15:10:51",buy,10,US100.cash,21646.75000000,21628.29,0.00000000,"2025-01-31 15:33:16",21701.45000000,0,0,441.54000000,54.70,1345
93401985,"2025-01-31 14:32:52",sell,10.3,US100.cash,21659.75000000,21710.3,21395.96000000,"2025-01-31 15:31:48",21711.65000000,0,0,-431.28000000,-51.90,3536
93401891,"2025-01-31 14:50:31",sell,5,US100.cash,21686.65000000,21705.26,21305.16000000,"2025-01-31 15:31:43",21705.85000000,0,0,-77.45000000,-19.20,2472
93401135,"2025-01-31 15:14:26",sell,5.4,US30.cash,44962.86000000,45032.86,0.00000000,"2025-01-31 15:30:04",45034.74000000,0,0,-313.10000000,-71.88,938
93401127,"2025-01-31 09:36:12",sell,7.1,US30.cash,45027.08254000,45026.46,43980.77000000,"2025-01-31 15:30:03",45032.24000000,0,0,-29.54000000,-5.16,21231
93401098,"2025-01-31 14:33:22",sell,5,US30.cash,45016.86000000,45018.66,0.00000000,"2025-01-31 15:30:02",45019.14000000,0,0,-9.20000000,-2.28,3400
93401091,"2025-01-31 14:53:19",sell,5,US30.cash,45010.86000000,45013.57,0.00000000,"2025-01-31 15:30:02",45019.14000000,0,0,-33.39000000,-8.28,2203
93399652,"2025-01-31 14:54:49",buy,5,ETHUSD,3355.72000000,3315.72,0.00000000,"2025-01-31 15:14:47",3356.06000000,0,0,1.37000000,0.34,1198
93393945,"2025-01-31 12:45:44",sell,10.3,US100.cash,21679.75000000,21719.75,21529.75000000,"2025-01-31 14:12:58",21668.45000000,0,0,93.65000000,11.30,5234
93393928,"2025-01-31 11:05:55",sell,3.2,US30.cash,45022.58188000,45092.66,0.00000000,"2025-01-31 14:12:47",45021.14000000,0,0,3.71000000,1.44,11212
93375324,"2025-01-31 02:13:06",sell,0.51,BTCUSD,104435.97392000,105694.17,0.00000000,"2025-01-31 09:46:10",104177.13000000,0,0,106.31000000,258.84,27184
93360935,"2025-01-31 00:15:06",sell,8.1,US100.cash,21585.00185000,21631.15,21340.05000000,"2025-01-31 02:45:34",21635.85000000,0,0,-331.61000000,-50.85,9028
93359288,"2025-01-31 01:20:21",sell,0.52,BTCUSD,104376.07000000,104809.48,101621.68000000,"2025-01-31 01:33:01",104821.53000000,0,0,-186.44000000,-445.46,760
93353889,"2025-01-30 18:51:27",sell,5,ETHUSD,3259.83000000,3297.48,3179.32000000,"2025-01-30 22:01:12",3232.97000000,0,0,107.96000000,26.86,11385
93353881,"2025-01-30 19:52:15",sell,0.31,BTCUSD,105306.57000000,105806.57,0.00000000,"2025-01-30 22:01:07",104929.36000000,0,0,94.01000000,377.21,7732
93348351,"2025-01-30 20:14:18",buy,10,US100.cash,21502.65000000,21534.27,0.00000000,"2025-01-30 21:30:46",21556.25000000,0,0,430.08000000,53.60,4588
93346522,"2025-01-30 17:55:40",sell,12,US30.cash,44912.11833000,44982.48,44629.25000000,"2025-01-30 20:56:24",44983.34000000,0,0,-685.94000000,-71.22,10844
93346145,"2025-01-30 19:21:01",sell,8.1,US100.cash,21447.62037000,21517.11,0.00000000,"2025-01-30 20:49:44",21517.15000000,0,0,-452.03000000,-69.53,5323
93345153,"2025-01-30 20:15:42",buy,5,US30.cash,44975.34000000,44943.75,0.00000000,"2025-01-30 20:30:10",44943.66000000,0,0,-127.18000000,-31.68,868
93344700,"2025-01-30 19:55:16",sell,10.2,US100.cash,21465.25000000,21510.42,0.00000000,"2025-01-30 20:18:14",21499.15000000,0,0,-277.60000000,-33.90,1378
93342590,"2025-01-30 19:40:47",buy,0.51,BTCUSD,105405.83000000,104905.83,0.00000000,"2025-01-30 19:44:29",105333.37000000,0,0,-29.68000000,-72.46,222
93342563,"2025-01-30 19:34:39",buy,5,US30.cash,44974.74000000,44920.14,0.00000000,"2025-01-30 19:43:58",44979.86000000,0,0,20.56000000,5.12,559
93341949,"2025-01-30 19:34:08",sell,3.2,US100.cash,21454.85000000,21470.2,0.00000000,"2025-01-30 19:38:13",21470.85000000,0,0,-41.12000000,-16.00,245
93340840,"2025-01-30 19:21:19",buy,5,US30.cash,44908.24000000,44857.84,0.00000000,"2025-01-30 19:29:30",44911.46000000,0,0,12.93000000,3.22,491
93338741,"2025-01-30 19:05:06",sell,5,US100.cash,21417.55000000,21444.72,0.00000000,"2025-01-30 19:08:34",21444.85000000,0,0,-109.69000000,-27.30,208
93338059,"2025-01-30 17:47:48",sell,0.52,BTCUSD,105660.57000000,106221.21,101939.01000000,"2025-01-30 18:59:47",105262.43000000,0,0,166.37000000,398.14,4319
93336455,"2025-01-30 18:12:40",sell,10,US100.cash,21455.35000000,21505.35,0.00000000,"2025-01-30 18:35:56",21409.25000000,0,0,370.42000000,46.10,1396
93336243,"2025-01-30 17:55:08",sell,10,US100.cash,21473.85000000,21513.85,0.00000000,"2025-01-30 18:33:31",21401.05000000,0,0,584.96000000,72.80,2303
93331345,"2025-01-30 17:46:26",sell,10,US100.cash,21427.35000000,21484.71,0.00000000,"2025-01-30 17:53:52",21485.15000000,0,0,-463.98000000,-57.80,446
93330238,"2025-01-30 16:00:26",sell,20,US100.cash,21452.20000000,21508.86,21029.48000000,"2025-01-30 17:43:53",21434.15000000,0,0,289.69000000,18.05,6207
93327455,"2025-01-30 16:43:38",sell,10,US30.cash,44784.46000000,44929.96,0.00000000,"2025-01-30 17:23:16",44755.94000000,0,0,228.86000000,28.52,2378
93324869,"2025-01-30 16:00:26",sell,5,US100.cash,21527.35000000,21508.86,21029.48000000,"2025-01-30 17:05:22",21358.35000000,0,0,677.89000000,169.00,3896
93318823,"2025-01-30 15:59:40",sell,5,US30.cash,44812.06000000,44862.06,0.00000000,"2025-01-30 16:39:33",44862.94000000,0,0,-204.04000000,-50.88,2393
93317706,"2025-01-30 15:59:40",sell,5,US30.cash,44812.06000000,44862.06,0.00000000,"2025-01-30 16:33:32",44774.04000000,0,0,152.48000000,38.02,2032
93313129,"2025-01-30 15:59:15",sell,0.52,BTCUSD,105844.07000000,106349.41,0.00000000,"2025-01-30 16:12:10",106354.73000000,0,0,-212.97000000,-510.66,775
93311811,"2025-01-30 16:04:13",sell,10,US100.cash,21447.65000000,21497.65,0.00000000,"2025-01-30 16:05:46",21466.85000000,0,0,-153.97000000,-19.20,93
93305857,"2025-01-30 15:02:52",sell,10,US100.cash,21538.45000000,21577.12,0.00000000,"2025-01-30 15:47:23",21570.55000000,0,0,-257.65000000,-32.10,2671
93305732,"2025-01-30 15:44:58",sell,10,US100.cash,21527.15000000,21560.09,0.00000000,"2025-01-30 15:47:06",21561.45000000,0,0,-275.36000000,-34.30,128
93305148,"2025-01-30 15:42:53",sell,10,US30.cash,44736.06000000,44786.06,0.00000000,"2025-01-30 15:44:59",44786.14000000,0,0,-401.85000000,-50.08,126
93301677,"2025-01-30 14:34:31",sell,10.2,US30.cash,44654.76000000,44724.26,0.00000000,"2025-01-30 15:32:48",44724.64000000,0,0,-571.95000000,-69.88,3497
93292631,"2025-01-30 14:34:13",sell,20,US100.cash,21516.85000000,21556.85,0.00000000,"2025-01-30 14:40:50",21505.45000000,0,0,183.33000000,11.40,397
93290464,"2025-01-30 14:12:31",sell,20,US100.cash,21520.65000000,21549.51,0.00000000,"2025-01-30 14:26:53",21509.75000000,0,0,175.17000000,10.90,862
93290448,"2025-01-30 14:14:14",sell,20,US30.cash,44659.26000000,44683.59,0.00000000,"2025-01-30 14:26:46",44645.94000000,0,0,214.07000000,13.32,752
93290447,"2025-01-30 13:57:15",sell,10,US30.cash,44656.26000000,44703.23,0.00000000,"2025-01-30 14:26:46",44645.94000000,0,0,82.93000000,10.32,1771
93289357,"2025-01-30 10:24:14",sell,3.1,ETHUSD,3206.93000000,3236.93,3186.93000000,"2025-01-30 14:14:34",3237.46000000,0,0,-76.12000000,-30.53,13820
93289194,"2025-01-30 13:57:48",sell,20,US100.cash,21502.75000000,21524.48,21289.22000000,"2025-01-30 14:11:48",21524.55000000,0,0,-350.63000000,-21.80,840
93285926,"2025-01-30 12:43:23",sell,20,US30.cash,44752.76000000,44806.94,44347.17000000,"2025-01-30 13:33:43",44680.94000000,0,0,1155.30000000,71.82,3020
93285900,"2025-01-30 13:31:44",sell,10,US100.cash,21459.95000000,21471.89,0.00000000,"2025-01-30 13:33:08",21472.05000000,0,0,-97.31000000,-12.10,84
93285721,"2025-01-30 13:29:00",sell,40,US100.cash,21460.15000000,21480.15,0.00000000,"2025-01-30 13:29:42",21466.75000000,0,0,-212.33000000,-6.60,42
93285595,"2025-01-30 11:45:10",sell,10,US100.cash,21509.75000000,21590.49,21309.46000000,"2025-01-30 13:27:21",21473.45000000,0,0,292.02000000,36.30,6131
93285581,"2025-01-30 13:17:42",sell,40,US100.cash,21467.95000000,21471.55,21368.65000000,"2025-01-30 13:27:08",21472.05000000,0,0,-131.93000000,-4.10,566
93276273,"2025-01-30 10:21:21",buy,5.1,US100.cash,21556.95000000,21498.56,0.00000000,"2025-01-30 11:17:40",21496.15000000,0,0,-249.19000000,-60.80,3379
93266373,"2025-01-30 00:08:15",sell,5.2,US30.cash,44735.46000000,44874.57,0.00000000,"2025-01-30 09:22:44",44874.64000000,0,0,-581.20000000,-139.18,33269
93266089,"2025-01-30 00:14:41",sell,10,US100.cash,21428.35000000,21581.76,0.00000000,"2025-01-30 09:20:27",21588.05000000,0,0,-1282.35000000,-159.70,32746
93265899,"2025-01-30 00:05:22",sell,10,US100.cash,21419.55000000,21579.94,0.00000000,"2025-01-30 09:19:21",21579.95000000,0,0,-1288.20000000,-160.40,33239
93255899,"2025-01-30 00:16:03",sell,0.52,BTCUSD,103993.97000000,104767.47,0.00000000,"2025-01-30 04:36:41",104794.63000000,0,0,-334.41000000,-800.66,15638
93255599,"2025-01-29 23:07:41",sell,1,BTCUSD,103527.71000000,104697.49,98895.83000000,"2025-01-30 04:06:34",104715.83000000,0,0,-954.36000000,-1188.12,17933
93250654,"2025-01-29 23:44:46",sell,0.52,BTCUSD,103434.77000000,104065.25,100312.10000000,"2025-01-30 00:13:34",104065.83000000,0,0,-263.56000000,-631.06,1728
93250056,"2025-01-29 23:09:06",sell,10,ETHUSD,3125.12000000,3145.12,0.00000000,"2025-01-29 23:22:47",3145.13000000,0,0,-160.70000000,-20.01,821
93249824,"2025-01-29 20:41:49",sell,1.04,BTCUSD,103518.52000000,105378.99,0.00000000,"2025-01-29 22:53:24",103941.16000000,0,0,-353.03000000,-422.64,7895
93249812,"2025-01-29 22:02:27",sell,1,BTCUSD,104001.44000000,104701.44,0.00000000,"2025-01-29 22:52:28",103954.16000000,0,0,37.98000000,47.28,3001
93249678,"2025-01-29 20:25:32",sell,10,US100.cash,21289.05000000,21516.96,21133.54000000,"2025-01-29 22:47:56",21449.56000000,0,0,-1289.29000000,-160.51,8544
93249674,"2025-01-29 20:47:03",sell,10,US100.cash,21422.25000000,21531.28,21224.17000000,"2025-01-29 22:47:44",21442.56000000,0,0,-163.14000000,-20.31,7241
93249313,"2025-01-29 20:25:56",sell,10.4,US30.cash,44682.31000000,44902.87,44114.12000000,"2025-01-29 22:37:50",44804.64000000,0,0,-1022.46000000,-122.33,7914
93246914,"2025-01-29 21:23:19",sell,10,US100.cash,21428.65000000,21428.23,0.00000000,"2025-01-29 21:53:50",21368.05000000,0,0,487.05000000,60.60,1831
93244851,"2025-01-29 20:50:02",sell,20,ETHUSD,3130.55000000,3180.55,0.00000000,"2025-01-29 21:27:03",3182.17000000,0,0,-829.14000000,-51.62,2221
93243682,"2025-01-29 20:45:02",sell,10,US100.cash,21423.15000000,21494.88,21161.40000000,"2025-01-29 21:18:14",21361.25000000,0,0,497.54000000,61.90,1992
93242231,"2025-01-29 20:41:30",sell,0.52,BTCUSD,103778.88000000,105286.11,0.00000000,"2025-01-29 21:05:34",103065.33000000,0,0,298.22000000,713.55,1444
93238145,"2025-01-29 20:30:26",buy,5.2,US30.cash,44590.64000000,44538.03,44798.55000000,"2025-01-29 20:41:33",44802.56000000,0,0,885.50000000,211.92,667
93237458,"2025-01-29 19:58:42",sell,1,BTCUSD,102869.77000000,103310.42,96591.53000000,"2025-01-29 20:40:12",103356.09000000,0,0,-390.76000000,-486.32,2490
93237457,"2025-01-29 11:46:42",sell,1.5,BTCUSD,102442.67000000,103222.09,98390.57000000,"2025-01-29 20:40:12",103356.09000000,0,0,-1100.90000000,-913.42,32010
93236893,"2025-01-29 20:27:59",buy,10,US100.cash,21294.85000000,21254,0.00000000,"2025-01-29 20:38:21",21352.05000000,0,0,459.94000000,57.20,622
93235716,"2025-01-29 20:03:34",sell,20,US100.cash,21336.25000000,21392.33,0.00000000,"2025-01-29 20:34:55",21331.55000000,0,0,75.62000000,4.70,1881
93231979,"2025-01-29 20:04:29",sell,5.2,US30.cash,44656.06000000,44766.92,0.00000000,"2025-01-29 20:07:04",44689.64000000,0,0,-140.46000000,-33.58,155
93229409,"2025-01-29 10:00:16",sell,50,US100.cash,21498.19000000,21522.95,21254.36000000,"2025-01-29 19:56:51",21352.25000000,0,0,5863.78000000,145.94,35795
93229347,"2025-01-29 18:34:05",sell,20,US100.cash,21410.05000000,21442.29,21247.11000000,"2025-01-29 19:55:45",21350.75000000,0,0,952.99000000,59.30,4900
93229346,"2025-01-29 19:31:50",sell,10,US100.cash,21384.15000000,21425.45,21256.15000000,"2025-01-29 19:55:43",21351.65000000,0,0,261.15000000,32.50,1433
93228795,"2025-01-29 10:00:32",sell,20,US30.cash,44814.21000000,44890.3,44079.06000000,"2025-01-29 19:43:40",44756.14000000,0,0,933.08000000,58.07,34988
93227149,"2025-01-29 15:45:31",buy,10,US30.cash,44880.34000000,0,45150.10000000,"2025-01-29 19:17:58",44768.16000000,0,0,-901.73000000,-112.18,12747
93226248,"2025-01-29 15:45:31",buy,10,US30.cash,44859.44000000,0,45150.10000000,"2025-01-29 19:07:41",44737.06000000,0,0,-983.77000000,-122.38,12130
93226176,"2025-01-29 16:58:44",sell,10.4,US30.cash,44856.91000000,44755.09,44445.77000000,"2025-01-29 19:07:06",44736.14000000,0,0,1009.64000000,120.77,7702
93224609,"2025-01-29 19:00:11",buy,20,US100.cash,21366.15000000,21329.65,0.00000000,"2025-01-29 19:01:18",21329.05000000,0,0,-596.63000000,-37.10,67
93223751,"2025-01-29 10:00:32",sell,10,US30.cash,44791.96000000,45178.9,44079.06000000,"2025-01-29 18:49:54",44805.04000000,0,0,-105.10000000,-13.08,31762
93140233,"2025-01-28 20:06:07",sell,10,US100.cash,21397.45000000,21440.56,0.00000000,"2025-01-28 20:23:12",21427.05000000,0,0,-238.23000000,-29.60,1025
93140035,"2025-01-28 20:07:14",sell,10,US100.cash,21399.25000000,21424,0.00000000,"2025-01-28 20:19:30",21424.25000000,0,0,-201.20000000,-25.00,736
93139970,"2025-01-28 20:08:22",sell,20,US100.cash,21394.25000000,21417.08,0.00000000,"2025-01-28 20:18:08",21417.05000000,0,0,-367.02000000,-22.80,586
93138974,"2025-01-28 20:00:21",sell,10,US100.cash,21409.65000000,0,0.00000000,"2025-01-28 20:05:28",21398.25000000,0,0,91.72000000,11.40,307
93138973,"2025-01-28 19:50:22",sell,10,US100.cash,21415.15000000,21423.48,0.00000000,"2025-01-28 20:05:28",21398.25000000,0,0,135.98000000,16.90,906
93138962,"2025-01-28 18:09:33",buy,10,US100.cash,21399.75000000,21379.75,0.00000000,"2025-01-28 20:05:15",21399.75000000,0,0,0.00000000,0.00,6942
93138959,"2025-01-28 18:12:21",buy,10,US100.cash,21407.15000000,21388.77,0.00000000,"2025-01-28 20:05:11",21397.85000000,0,0,-74.83000000,-9.30,6770
93138957,"2025-01-28 18:13:41",buy,0.51,BTCUSD,102965.73000000,101965.73,0.00000000,"2025-01-28 20:05:09",102026.57000000,0,0,-385.38000000,-939.16,6688
93138946,"2025-01-28 18:09:24",buy,10,US30.cash,44839.14000000,44802.8,0.00000000,"2025-01-28 20:05:07",44802.36000000,0,0,-295.91000000,-36.78,6943
93138941,"2025-01-28 18:56:58",buy,5.2,US30.cash,44867.14000000,44800.52,0.00000000,"2025-01-28 20:05:05",44804.86000000,0,0,-260.55000000,-62.28,4087
93138939,"2025-01-28 19:30:03",buy,10,US100.cash,21424.55000000,21386.59,0.00000000,"2025-01-28 20:05:02",21397.95000000,0,0,-214.01000000,-26.60,2099
93136964,"2025-01-28 19:28:56",buy,0.52,BTCUSD,102935.03000000,102699.49,0.00000000,"2025-01-28 19:35:30",102696.47000000,0,0,-99.73000000,-238.56,394
93135946,"2025-01-28 19:16:11",buy,20,US100.cash,21449.05000000,21429.05,21519.05000000,"2025-01-28 19:19:58",21451.95000000,0,0,46.66000000,2.90,227
93134756,"2025-01-28 18:22:24",buy,10,US100.cash,21431.15000000,21389.67,0.00000000,"2025-01-28 19:06:11",21429.15000000,0,0,-16.09000000,-2.00,2627
93133153,"2025-01-28 18:14:27",buy,5.1,ETHUSD,3180.80000000,3160.8,0.00000000,"2025-01-28 18:40:44",3159.83000000,0,0,-86.00000000,-20.97,1577
93132999,"2025-01-28 18:25:38",buy,5.2,US30.cash,44831.74000000,44810.23,0.00000000,"2025-01-28 18:38:16",44809.46000000,0,0,-93.19000000,-22.28,758
93132191,"2025-01-28 18:21:26",buy,5.2,US30.cash,44846.24000000,44820.63,0.00000000,"2025-01-28 18:23:52",44821.36000000,0,0,-104.07000000,-24.88,146
93131883,"2025-01-28 18:18:04",buy,5.2,US30.cash,44853.24000000,44826.57,0.00000000,"2025-01-28 18:20:09",44826.36000000,0,0,-112.47000000,-26.88,125
93131179,"2025-01-28 16:17:23",sell,0.42,BTCUSD,103178.67000000,104017.28,99525.15000000,"2025-01-28 18:10:28",102915.63000000,0,0,88.85000000,263.04,6785
93131094,"2025-01-28 16:20:37",sell,5.2,US100.cash,21268.45192000,21419.99,20996.04000000,"2025-01-28 18:09:41",21401.15000000,0,0,-554.99000000,-132.70,6544
93131086,"2025-01-28 17:57:15",sell,10,US100.cash,21334.05000000,21402.53,0.00000000,"2025-01-28 18:09:39",21399.65000000,0,0,-527.62000000,-65.60,744
93131009,"2025-01-28 16:22:59",sell,6.1,US100.cash,21279.85820000,21397.45,20876.05000000,"2025-01-28 18:09:17",21398.65000000,0,0,-582.84000000,-118.79,6378
93130951,"2025-01-28 17:53:13",sell,10,US100.cash,21304.85000000,21390.4,0.00000000,"2025-01-28 18:09:05",21390.85000000,0,0,-691.72000000,-86.00,952
93130731,"2025-01-28 18:06:06",buy,10,US100.cash,21385.85000000,0,0.00000000,"2025-01-28 18:06:56",21375.85000000,0,0,-80.45000000,-10.00,50
93130666,"2025-01-28 17:51:56",sell,0.21,BTCUSD,102184.07000000,102684.07,0.00000000,"2025-01-28 18:06:06",102690.03000000,0,0,-85.47000000,-505.96,850
93130516,"2025-01-28 17:52:40",sell,5.1,ETHUSD,3142.09000000,3162.09,0.00000000,"2025-01-28 18:05:07",3162.13000000,0,0,-82.22000000,-20.04,747
93129405,"2025-01-28 17:52:09",sell,5.1,US30.cash,44734.26000000,44784.26,0.00000000,"2025-01-28 17:53:50",44786.34000000,0,0,-213.77000000,-52.08,101
93129282,"2025-01-28 17:51:28",sell,10,US100.cash,21285.25000000,21305.25,0.00000000,"2025-01-28 17:53:03",21305.45000000,0,0,-162.54000000,-20.20,95
93128304,"2025-01-28 17:42:30",sell,10,US100.cash,21263.25000000,21303.25,21163.25000000,"2025-01-28 17:46:29",21303.45000000,0,0,-323.36000000,-40.20,239
93124272,"2025-01-28 16:47:40",buy,2.1,US30.cash,44917.84000000,44834.74,45333.08000000,"2025-01-28 17:15:27",44944.26000000,0,0,44.60000000,26.42,1667
93121498,"2025-01-28 16:49:45",buy,5.1,US30.cash,44940.34000000,44856.98,45186.05000000,"2025-01-28 16:56:33",44939.46000000,0,0,-3.61000000,-0.88,408
93120669,"2025-01-28 16:29:55",sell,2.2,US30.cash,44848.90545000,44949.55,44091.80000000,"2025-01-28 16:51:19",44949.84000000,0,0,-178.52000000,-100.93,1284
93119963,"2025-01-28 16:29:55",sell,2,US30.cash,44860.36000000,44949.55,44091.80000000,"2025-01-28 16:46:21",44896.34000000,0,0,-57.85000000,-35.98,986
93116843,"2025-01-28 16:05:57",sell,4.1,US30.cash,44784.87220000,44875.36,44375.36000000,"2025-01-28 16:28:24",44877.34000000,0,0,-304.83000000,-92.47,1347
93077921,"2025-01-28 00:21:53",sell,3,US100.cash,21151.65000000,21278.74,20725.14000000,"2025-01-28 11:03:58",21278.85000000,0,0,-306.56000000,-127.20,38525
93072740,"2025-01-28 00:22:55",sell,2.1,US30.cash,44635.26000000,44753.35,44108.62000000,"2025-01-28 10:04:14",44753.54000000,0,0,-199.75000000,-118.28,34879
93045589,"2025-01-27 18:24:58",buy,5.1,US100.cash,21033.35000000,21103.21,21550.21000000,"2025-01-27 22:25:44",21186.74000000,0,0,625.87000000,153.39,14446
93045448,"2025-01-27 17:46:21",buy,0.5,BTCUSD,99302.23800000,101135.06,0.00000000,"2025-01-27 22:22:19",101929.74000000,0,0,1051.20000000,2627.50,16558
93044346,"2025-01-27 17:46:21",buy,0.5,BTCUSD,99871.83000000,97291.61,0.00000000,"2025-01-27 21:59:24",101452.27000000,0,0,632.70000000,1580.44,15183
93044272,"2025-01-27 17:46:21",buy,0.5,BTCUSD,99901.23000000,97291.61,0.00000000,"2025-01-27 21:58:17",101636.87000000,0,0,694.79000000,1735.64,15116
93043982,"2025-01-27 16:28:44",buy,3,US30.cash,44402.74000000,44320.35,44845.82000000,"2025-01-27 21:53:49",44592.56000000,0,0,455.98000000,189.82,19505
93039575,"2025-01-27 16:28:44",buy,2,US30.cash,44402.74000000,44320.35,44845.82000000,"2025-01-27 20:36:47",44707.86000000,0,0,488.81000000,305.12,14883
93039409,"2025-01-27 18:24:58",buy,5.1,US100.cash,21054.55000000,20954.55,0.00000000,"2025-01-27 20:33:19",21101.35000000,0,0,191.17000000,46.80,7701
93039377,"2025-01-27 16:28:44",buy,5,US30.cash,44402.74000000,44320.35,44845.82000000,"2025-01-27 20:32:57",44690.86000000,0,0,1153.91000000,288.12,14653
93037479,"2025-01-27 16:28:44",buy,3.1,US30.cash,44406.48194000,44320.35,44845.82000000,"2025-01-27 20:05:46",44575.26000000,0,0,419.34000000,168.78,13022
93031200,"2025-01-27 16:28:44",buy,7.3,US30.cash,44391.20164000,44320.35,44845.82000000,"2025-01-27 18:38:53",44553.76000000,0,0,951.43000000,162.56,7809
93025571,"2025-01-27 17:47:26",buy,15.1,US100.cash,21138.15000000,21098.15,0.00000000,"2025-01-27 17:53:16",21094.05000000,0,0,-533.77000000,-44.10,350
93023734,"2025-01-27 16:28:44",buy,8,US30.cash,44389.79000000,44239.18,0.00000000,"2025-01-27 17:42:37",44354.96000000,0,0,-223.37000000,-34.83,4433
93023149,"2025-01-27 17:10:22",buy,0.51,BTCUSD,100990.93000000,99990.93,0.00000000,"2025-01-27 17:38:17",99984.81000000,0,0,-411.19000000,-1006.12,1675
93016296,"2025-01-27 16:30:56",buy,10,US100.cash,21244.95000000,21163.17,0.00000000,"2025-01-27 16:45:39",21252.55000000,0,0,60.92000000,7.60,883
93013446,"2025-01-27 16:01:49",sell,10.2,US100.cash,21165.60000000,21227.42,0.00000000,"2025-01-27 16:29:07",21230.15000000,0,0,-527.47000000,-64.55,1638
93012988,"2025-01-27 16:24:42",buy,3.1,US30.cash,44376.94000000,44336.94,0.00000000,"2025-01-27 16:26:57",44336.86000000,0,0,-99.53000000,-40.08,135
93011299,"2025-01-27 09:27:16",buy,5.1,ETHUSD,3070.65000000,3020.65,0.00000000,"2025-01-27 16:18:02",3115.42000000,0,0,182.89000000,44.77,24646
93009129,"2025-01-27 15:43:57",buy,10.4,US30.cash,44315.04000000,44234.04,44516.56000000,"2025-01-27 16:06:28",44294.86000000,0,0,-168.11000000,-20.18,1351
93008150,"2025-01-27 15:39:07",buy,1.1,BTCUSD,101065.93000000,100428.26,104650.05000000,"2025-01-27 16:03:26",101577.17000000,0,0,450.30000000,511.24,1459
93007580,"2025-01-27 15:47:22",buy,5.1,US100.cash,21178.05000000,21128.05,0.00000000,"2025-01-27 16:01:27",21171.65000000,0,0,-26.12000000,-6.40,845
93006132,"2025-01-27 15:24:14",buy,1.22,BTCUSD,101200.86279000,101700.86,103269.60000000,"2025-01-27 15:56:14",101792.97000000,0,0,577.98000000,592.11,1920
93003301,"2025-01-27 15:36:32",buy,10.1,US100.cash,21124.45000000,21053.62,0.00000000,"2025-01-27 15:46:16",21137.25000000,0,0,103.40000000,12.80,584
92999744,"2025-01-27 15:32:52",buy,1.1,BTCUSD,101241.63000000,100741.63,0.00000000,"2025-01-27 15:34:57",100725.37000000,0,0,-454.04000000,-516.26,125
92999196,"2025-01-27 15:32:02",buy,10.1,US100.cash,21121.75000000,21101.75,0.00000000,"2025-01-27 15:33:01",21101.15000000,0,0,-166.35000000,-20.60,59
92994758,"2025-01-27 15:02:07",buy,0.32,BTCUSD,100504.03000000,100251.07,0.00000000,"2025-01-27 15:06:18",100250.90000000,0,0,-64.79000000,-253.13,251
92993328,"2025-01-27 14:33:28",buy,0.32,BTCUSD,101076.40000000,100095.83,0.00000000,"2025-01-27 14:53:20",100088.49000000,0,0,-252.70000000,-987.91,1192
92991931,"2025-01-27 13:01:00",buy,10.1,US100.cash,20913.25000000,20843.96,21459.90000000,"2025-01-27 14:43:10",20994.45000000,0,0,655.51000000,81.20,6130
92991744,"2025-01-27 09:12:52",buy,0.82,BTCUSD,99895.77024000,99230.75,104553.24000000,"2025-01-27 14:42:35",100717.87000000,0,0,538.95000000,822.10,19783
92989315,"2025-01-27 12:04:58",buy,10.1,US100.cash,20785.45000000,20706.62,21532.47000000,"2025-01-27 14:24:16",21003.15000000,0,0,1758.27000000,217.70,8358
92989282,"2025-01-27 13:39:30",buy,1,BTCUSD,99650.64600000,99041.07,103129.32000000,"2025-01-27 14:23:52",101040.77000000,0,0,1111.57000000,1390.12,2662
92987906,"2025-01-27 12:00:09",buy,10.1,US100.cash,20755.45000000,20715.45,21412.35000000,"2025-01-27 14:14:23",21014.95000000,0,0,2095.07000000,259.50,8054
92987847,"2025-01-27 09:12:52",buy,0.2,BTCUSD,99039.53000000,99230.75,104553.24000000,"2025-01-27 14:13:41",101219.87000000,0,0,348.55000000,2180.34,18049
92987809,"2025-01-27 13:39:30",buy,0.28,BTCUSD,99363.83000000,99041.07,103129.32000000,"2025-01-27 14:13:30",101268.07000000,0,0,426.17000000,1904.24,2040
92987780,"2025-01-27 12:04:32",buy,1.1,BTCUSD,98779.33000000,98609.87,104974.29000000,"2025-01-27 14:13:17",101167.47000000,0,0,2099.51000000,2388.14,7725
92968843,"2025-01-27 11:06:44",buy,10.1,US100.cash,21005.45000000,20966.79,0.00000000,"2025-01-27 11:15:58",20965.05000000,0,0,-326.62000000,-40.40,554
92967042,"2025-01-27 09:25:30",buy,5.1,US100.cash,21102.25000000,21002.25,0.00000000,"2025-01-27 11:02:59",21002.15000000,0,0,-408.70000000,-100.10,5849
92963351,"2025-01-27 10:25:12",buy,10.1,US100.cash,21103.45000000,21063.45,0.00000000,"2025-01-27 10:30:11",21063.45000000,0,0,-324.08000000,-40.00,299
92956298,"2025-01-27 09:26:17",buy,0.51,BTCUSD,99294.93000000,98794.93,0.00000000,"2025-01-27 09:34:49",98789.43000000,0,0,-207.10000000,-505.50,512
92953992,"2025-01-27 09:12:34",buy,5.1,US100.cash,21133.65000000,21083.65,21533.65000000,"2025-01-27 09:16:40",21082.55000000,0,0,-209.41000000,-51.10,246
92947315,"2025-01-27 06:28:49",buy,3.1,US100.cash,21319.95000000,21219.95,21598.74000000,"2025-01-27 08:15:12",21219.15000000,0,0,-251.06000000,-100.80,6383
92945671,"2025-01-27 06:41:26",buy,0.51,BTCUSD,100019.43000000,98752.63,0.00000000,"2025-01-27 07:46:41",98751.17000000,0,0,-519.42000000,-1268.26,3915
92945130,"2025-01-27 02:54:56",buy,2.1,US100.cash,21393.05000000,21238.91,21559.46000000,"2025-01-27 07:37:50",21239.65000000,0,0,-258.58000000,-153.40,16974
92945031,"2025-01-27 02:14:06",buy,0.31,BTCUSD,101278.33000000,99278.33,104989.83000000,"2025-01-27 07:37:32",99321.37000000,0,0,-486.99000000,-1956.96,19406
92944096,"2025-01-27 06:13:59",buy,3.2,ETHUSD,3149.44000000,3099.44,0.00000000,"2025-01-27 07:20:32",3099.31000000,0,0,-128.77000000,-50.13,3993
92933216,"2025-01-27 01:12:54",sell,0.21,BTCUSD,103030.97000000,104030.97,101530.97000000,"2025-01-27 02:07:44",101530.81000000,0,0,252.79000000,1500.16,3290
92932864,"2025-01-27 00:48:29",buy,5.1,US100.cash,21532.25000000,21432.25,21732.25000000,"2025-01-27 02:00:57",21430.45000000,0,0,-416.76000000,-101.80,4348
92913653,"2025-01-24 09:39:22",sell,5.1,ETHUSD,3371.18647000,3455,3282.45000000,"2025-01-24 21:35:26",3333.66000000,0,0,153.35000000,37.53,42964
92913654,"2025-01-24 19:17:46",sell,0.4,BTCUSD,106868.47000000,107091.59,103043.65000000,"2025-01-24 21:35:26",104960.33000000,0,0,611.57000000,1908.14,8260
92913068,"2025-01-24 21:02:50",buy,5.1,US100.cash,21743.25000000,21703.25,21843.25000000,"2025-01-24 21:21:41",21733.75000000,0,0,-38.81000000,-9.50,1131
92911920,"2025-01-24 18:55:24",sell,5,US100.cash,21814.35000000,21756.7,21559.91000000,"2025-01-24 20:51:33",21751.05000000,0,0,253.55000000,63.30,6969
92909320,"2025-01-24 18:55:24",sell,5,US100.cash,21814.35000000,21844.39,21559.91000000,"2025-01-24 20:00:57",21741.65000000,0,0,291.22000000,72.70,3933
92904498,"2025-01-24 15:52:15",sell,0.41,BTCUSD,105728.75537000,106883.7,0.00000000,"2025-01-24 19:04:23",106895.83000000,0,0,-383.24000000,-1167.07,11528
92903318,"2025-01-24 15:44:15",buy,10,US100.cash,21892.99000000,21812.15,22113.20000000,"2025-01-24 18:54:10",21812.65000000,0,0,-643.14000000,-80.34,11395
92899959,"2025-01-24 09:39:22",sell,3.1,ETHUSD,3405.00000000,3455,3282.45000000,"2025-01-24 18:13:36",3384.17000000,0,0,51.67000000,20.83,30854
92893428,"2025-01-24 16:59:24",sell,5.1,US30.cash,44437.86000000,44497.86,0.00000000,"2025-01-24 17:13:31",44498.04000000,0,0,-245.75000000,-60.18,847
92888100,"2025-01-24 15:45:42",buy,5,US100.cash,21914.89000000,21843.33,0.00000000,"2025-01-24 16:39:16",21842.35000000,0,0,-291.00000000,-72.54,3214
92882357,"2025-01-24 13:05:50",sell,4.1,US30.cash,44449.17707000,44580.92,44254.76000000,"2025-01-24 16:09:20",44439.74000000,0,0,31.05000000,9.44,11010
92876266,"2025-01-24 09:40:05",sell,0.31,BTCUSD,105143.88290000,106307.27,103056.60000000,"2025-01-24 15:45:00",106316.03000000,0,0,-291.78000000,-1172.15,21895
92834326,"2025-01-24 06:11:29",sell,3.1,ETHUSD,3361.23000000,3419.12,0.00000000,"2025-01-24 07:00:52",3419.52000000,0,0,-145.74000000,-58.29,2963
92819570,"2025-01-23 21:31:32",buy,8.2,US100.cash,21825.15000000,21805.15,21897.23000000,"2025-01-23 21:59:59",21897.55000000,0,0,480.55000000,72.40,1707
92815149,"2025-01-23 19:15:07",buy,5.2,US100.cash,21811.85000000,21751.53,21936.15000000,"2025-01-23 21:05:27",21805.05000000,0,0,-28.61000000,-6.80,6620
92815128,"2025-01-23 20:17:12",buy,5,US100.cash,21781.15000000,21766.61,0.00000000,"2025-01-23 21:05:04",21803.85000000,0,0,91.84000000,22.70,2872
92812440,"2025-01-23 19:32:23",buy,5.2,US100.cash,21824.16538000,21782.94,22016.55000000,"2025-01-23 20:12:56",21782.75000000,0,0,-174.25000000,-41.42,2433
92812333,"2025-01-23 19:18:41",sell,3.1,US30.cash,44524.26000000,44624.26,44324.26000000,"2025-01-23 20:10:34",44481.14000000,0,0,108.17000000,43.12,3113
92801070,"2025-01-23 17:22:47",buy,3,US30.cash,44382.64000000,44343.22,44527.86000000,"2025-01-23 17:51:35",44411.76000000,0,0,70.78000000,29.12,1728
92800300,"2025-01-23 17:32:56",buy,5,US30.cash,44390.64000000,44363.36,44476.01000000,"2025-01-23 17:46:53",44414.16000000,0,0,95.18000000,23.52,837
92798353,"2025-01-23 16:33:12",buy,5,ETHUSD,3243.64000000,3203.64,3443.64000000,"2025-01-23 17:37:07",3266.19000000,0,0,91.31000000,22.55,3835
92794419,"2025-01-23 16:20:49",buy,0.4,BTCUSD,105215.10500000,104547.2,107633.20000000,"2025-01-23 17:16:31",106634.07000000,0,0,460.49000000,1418.97,3342
92791561,"2025-01-23 15:44:44",buy,3.1,US30.cash,44275.54000000,44212.79,44913.92000000,"2025-01-23 17:08:02",44335.76000000,0,0,151.49000000,60.22,4998
92791526,"2025-01-23 16:36:15",buy,3.1,US100.cash,21781.55000000,21747.4,0.00000000,"2025-01-23 17:07:51",21784.55000000,0,0,7.55000000,3.00,1896
92790154,"2025-01-23 15:44:44",buy,2,US30.cash,44275.54000000,44212.79,44913.92000000,"2025-01-23 16:58:01",44316.26000000,0,0,66.10000000,40.72,4397
92788471,"2025-01-23 16:20:49",buy,0.3,BTCUSD,103879.43000000,102530.82,108879.43000000,"2025-01-23 16:45:55",105155.17000000,0,0,310.55000000,1275.74,1506
92788386,"2025-01-23 16:36:15",buy,6.9,US100.cash,21781.55000000,21747.4,0.00000000,"2025-01-23 16:45:26",21779.95000000,0,0,-8.96000000,-1.60,551
92788300,"2025-01-23 15:44:44",buy,7.3,US30.cash,44251.97151000,44187.23,44688.98000000,"2025-01-23 16:45:08",44292.76000000,0,0,241.65000000,40.79,3624
92785289,"2025-01-23 16:15:31",buy,10,US100.cash,21760.25000000,21716.48,22055.80000000,"2025-01-23 16:26:40",21741.65000000,0,0,-151.01000000,-18.60,669
92783966,"2025-01-23 16:14:37",buy,0.4,BTCUSD,103426.73000000,101032.28,0.00000000,"2025-01-23 16:20:31",102879.19000000,0,0,-177.79000000,-547.54,354
92781910,"2025-01-23 15:48:59",buy,5,ETHUSD,3287.07000000,3240.9,0.00000000,"2025-01-23 16:08:04",3239.84000000,0,0,-191.68000000,-47.23,1145
92781842,"2025-01-23 14:43:16",buy,7.1,ETHUSD,3235.61099000,3192.18,0.00000000,"2025-01-23 16:08:00",3248.28000000,0,0,73.01000000,12.67,5084
92781556,"2025-01-23 15:48:59",buy,15,ETHUSD,3287.07000000,3240.9,0.00000000,"2025-01-23 16:07:06",3274.86000000,0,0,-148.67000000,-12.21,1087
92781540,"2025-01-23 15:58:39",buy,0.4,BTCUSD,104857.13000000,103540.88,0.00000000,"2025-01-23 16:07:00",105275.97000000,0,0,136.00000000,418.84,501
92780074,"2025-01-23 15:57:03",buy,10,US100.cash,21738.85000000,21696.41,0.00000000,"2025-01-23 16:01:14",21744.85000000,0,0,48.67000000,6.00,251
92778067,"2025-01-23 15:45:39",buy,0.5,BTCUSD,105188.03000000,104688.03,107188.03000000,"2025-01-23 15:51:20",105457.47000000,0,0,109.26000000,269.44,341
92777909,"2025-01-23 14:43:39",buy,0.41,BTCUSD,102267.44463000,101909.21,108767.67000000,"2025-01-23 15:50:57",105693.60000000,0,0,1139.52000000,3426.16,4038
92777544,"2025-01-23 15:44:25",buy,8.2,US100.cash,21763.75000000,21723.75,0.00000000,"2025-01-23 15:49:10",21766.25000000,0,0,16.63000000,2.50,285
92775854,"2025-01-23 14:43:39",buy,0.2,BTCUSD,102111.03000000,101909.21,108767.67000000,"2025-01-23 15:42:05",104673.57000000,0,0,416.03000000,2562.54,3506
